Code,Rank,True Rank,Entity,Instances,Accuracy,Value,airPollution.csv,co2PerCapita.csv,debtToGdp.csv,democracyIndex.csv,drugUse.csv,education.csv,fertility.csv,gdpPerCapita.csv,happiness.csv,lifeExpectancy.csv,literacy.csv,smoking.csv,territoryControl.csv,topOneIncome.csv,topTenIncome.csv,waterSanitationHygiene.csv,womensCivilRights.csv,corruption.csv,freedom.csv,undernourishment.csv
AFG,169,200,Afghanistan,20,100.0,29.166641723512836,62.48616,0.25384834,8.8,0.25,1.37,2.51479,4.84,1357.9878,1.364,66.0346,37,22.7,84.5,15.16,40.27,16.64,0.003,0.674,6,30.4
ALB,52,72,Albania,19,95.0,68.94438599731996,16.27997,1.5919901,54.1,6.2,0.59,10.175311,1.348,12978.101,5.411,79.6019,98.81623,21.9,94.75,9.17,34.35,,0.882,0.626,68,4.5
DZA,97,124,Algeria,20,100.0,57.7062954528785,22.68313,4.233817,54,3.55,1.3,7.416387,2.766,13506.444,5.571,76.261,83,21.2,100,22.64,48.76,4.05,0.634,0.668,31,2.5
AND,28,33,Andorra,12,60.0,78.16791908142642,8.52423,5.1816607,31.7,,0.09,11.61,1.082,,,84.0406,100,36.3,,11.5,35.670002,,,,93,
AGO,154,184,Angola,19,95.0,37.651184849385324,27.16477,0.5894967,62.4,4.05,0.29,5.956173,5.124,6118.905,3.795,64.617,70,,97.2,25.86,57.72,48.85,0.568,0.549,28,23.2
ATG,33,43,Antigua and Barbuda,12,60.0,76.3242260559247,8.29693,7.092406,65.7,,0,11.6475,1.578,,,77.5976,99,,,21.199999,48.57,2.47,,,83,
ARG,45,59,Argentina,20,100.0,73.15810793799369,12.04087,3.7434063,78.8,6.51,0.07,11.184582,1.5,18292.318,6.397,77.3947,100,23.8,100,12.36,43.37,11.45,0.832,0.387,85,3.2
ARM,51,71,Armenia,20,100.0,69.11342510287808,34.12674,2.498691,53.4,5.35,0.35,11.344978,1.714,13837.577,5.494,75.6827,99.825,24.9,96.5,15.809999,39.64,5.83,0.847,0.374,54,2.5
AUS,14,17,Australia,20,100.0,82.15003009644954,8.93323,14.477199,51,8.85,4.93,12.87,1.638,52049.43,6.974,83.9228,100,13.1,91.429,9.969999,32.97,1.87,0.875,0.027,95,2.5
AUT,18,21,Austria,20,100.0,80.1764042539865,11.50796,6.180112,82,8.28,2.11,12.361465,1.317,43792.855,6.81,81.9559,100,24.9,99.833,11.35,34.44,1.98,0.874,0.108,93,2.5
AZE,77,103,Azerbaijan,20,100.0,62.0752468017336,24.64286,3.8533201,22.4,2.8,0.21,11.07,1.67,17682.94,4.875,74.4286,100,19.6,98.667,13.45,36.75,3.64,0.496,0.902,7,2.5
BHS,30,37,Bahamas,13,65.0,77.03410487292727,5.19903,7.64968,74.1,,0.32,12.814419,1.373,,,74.5518,96,11.3,,17.87,51.81,2.6,,,90,
BHR,112,141,Bahrain,19,95.0,52.73629061424984,51.81722,24.270082,142.5,2.45,0.32,11.13,1.824,38651.6,6.03,81.2835,98,15,87.25,25.189999,57.010002,0.78,0.489,0.505,12,
BGD,118,147,Bangladesh,20,100.0,50.12243229052551,45.98906,0.6240862,40.3,4.44,0.36,6.79,2.163,4925.721,3.851,74.6723,79,32.9,100,16.01,41.760002,18.23,0.59,0.908,45,11.9
BRB,30,35,Barbados,18,90.0,77.65689576163034,9.78987,4.8328743,99.8,,0.13,9.928357,1.708,11545.848,,76.1782,100,7,100,21.199999,48.57,7.71,0.822,0.07,94,3.5
BLR,75,101,Belarus,20,100.0,62.74764853102421,15.48201,6.163221,35.8,1.99,2.13,12.335373,1.208,18699.799,5.821,74.4339,100,30.1,100,9.25,31.55,1.62,0.539,0.419,7,2.5
BEL,17,20,Belgium,20,100.0,81.61014969267215,11.25612,7.2798314,107.5,7.64,1.45,12.689651,1.379,41872.395,6.91,82.115,100,26.7,99.909,8.45,32.370003,5.31,0.972,0.031,96,2.5
BLZ,30,36,Belize,15,75.0,77.2515476474077,10.50946,1.9085852,64.7,,0.1,8.76229,2.007,,6.711,73.5656,90.91604,8.8,,17.87,51.81,4.31,,,88,4.6
BEN,127,156,Benin,20,100.0,47.41608824665019,31.51453,0.4194466,50.7,4.44,0.03,3.1942,4.556,2477.0903,4.357,60.7738,51.37877,6.3,90,12.639999,43,60.18,0.904,0.187,60,10.3
BTN,95,122,Bhutan,18,90.0,57.89852439980632,26.09506,2.0939395,105.6,5.65,0.4,5.8357944,1.462,,5.082,72.9753,67,18.7,93,13.959999,41.57,15.67,0.744,0.155,68,
BOL,106,134,Bolivia,20,100.0,54.38649010867037,25.23416,2.3127308,93.7,4.26,0.38,10.021223,2.547,6481.3906,5.868,68.5814,94,12.4,83.8,17.87,51.81,14.27,0.68,0.655,65,23
BIH,64,87,Bosnia and Herzegovina,20,100.0,65.95914768748796,26.19402,6.1391783,30.6,5.06,0.14,10.97,1.486,12142.863,6.136,77.8504,100,36.2,87.545,9.38,34.03,1.93,0.716,0.763,52,2.5
BWA,92,119,Botswana,20,100.0,58.338191220859656,12.8184,2.9596071,38.8,7.63,0.4,10.478,2.732,16351.91,3.438,69.1631,89,18.7,98.333,22.67,58.929996,26.85,0.778,0.24,75,24.3
BRA,62,84,Brazil,20,100.0,66.51127059510465,10.94008,2.2783718,91.4,6.49,0.63,8.425372,1.619,14640.076,6.494,75.8482,93,12.2,90.125,21.13,59.210003,6.61,0.782,0.436,72,3.9
BRN,58,80,Brunei,13,65.0,67.70660602666531,6.86475,26.046202,2.3,,0.18,9.282,1.747,,,75.3266,98,16.4,,12.93,35.73,1.68,,,27,
BGR,46,64,Bulgaria,20,100.0,71.51472255263914,17.29031,4.6793866,28.4,6.34,0.31,11.454531,1.749,20592.455,5.554,75.6363,99,39.5,99.909,17.06,41.56,2.89,0.812,0.578,77,2.5
BFA,161,192,Burkina Faso,20,100.0,36.031299858125195,40.74491,0.27634817,53.2,2.55,0.03,2.26655,4.186,1704.966,4.383,61.092,40.92361,14.3,82.5,14.5199995,46.86,60.91,0.575,0.391,25,15.4
BDI,155,186,Burundi,19,95.0,37.46966642651251,27.99587,0.065253265,40.3,2.13,0.63,3.4739356,4.878,717.22845,3.775,63.6511,68,11.2,94.8,14.280001,46.44,53.25,0.451,0.777,15,
KHM,123,152,Cambodia,20,100.0,48.684488834987086,17.80251,1.2405994,27.8,2.94,0.15,5.1971,2.579,3944.2468,4.341,70.6675,71.92725,17.2,90,19.04,46.01,17.13,0.34,0.895,23,4.6
CMR,139,169,Cameroon,20,100.0,43.127974357853006,56.36692,0.33071235,37.9,2.56,0.03,6.5741806,4.322,2812.2148,4.887,63.6996,72.54713,6.5,90.375,13.13,47.13,47.26,0.732,0.934,15,5.7
CAN,20,23,Canada,20,100.0,79.47565793406336,6.38944,13.419917,113.9,8.69,19.22,13.87,1.349,45529.645,6.803,82.6302,100,12,97,11.91,36.469997,2.29,0.8,0.029,97,2.5
CPV,66,89,Cape Verde,19,95.0,65.64348997798655,31.08072,1.1312839,106,7.58,0.07,6.0900393,1.522,7202.767,,76.0587,87,11,100,13.77,48.579998,12.11,0.822,0.258,92,12.6
CAF,171,202,Central African Republic,19,95.0,26.910112367438625,27.19802,0.07403937,57.1,1.18,0.19,3.9894314,6.012,596.393,3.4759,57.4077,42.44279,,74.333,15.440001,49.9,97.01,0.359,0.848,5,23.5
TCD,168,199,Chad,20,100.0,29.807484374735623,41.15263,0.13948385,31.5,1.89,0.02,2.3349848,6.12,1393.5635,4.384,55.0692,30.62792,7.4,81.667,12.630001,45.719997,99.2,0.44,0.953,15,35.1
CHL,32,39,Chile,20,100.0,76.74760929102324,20.48648,3.983124,42.7,7.83,0.58,11.291054,1.167,22740.72,6.361,81.1667,96,28.7,93.762,22.04,57.760002,2.26,0.893,0.084,95,2.5
CHN,104,132,China,20,100.0,55.73171968118329,38.153,8.65839,96.3,2.11,0.79,8.036181,0.999,19238.18,5.921,77.9529,97,23.4,97.2,15.77,43.37,2.2,0.359,0.551,9,2.5
COL,58,79,Colombia,20,100.0,67.72687325427736,14.03552,1.752047,58.9,6.35,0.33,9.031582,1.645,14468.964,6.004,77.7246,96,8.2,84,17.94,60.93,3.39,0.678,0.393,70,4.2
COM,153,183,Comoros,20,100.0,38.20156850663602,14.3724,0.6365447,30.2,2.84,0.87,6.00684,3.878,1900.3983,3.754,66.7768,59,17.2,77.8,14.07,49.89,43.85,0.488,0.843,42,16.9
COG,152,182,Congo,20,100.0,38.42542362633248,29.48397,1.3958335,93.1,2.79,0.29,8.322645,4.157,4187.507,5.03,65.772,80,15.4,81.2,20.4,55.57,26.38,0.429,0.829,17,26.8
CRI,26,29,Costa Rica,20,100.0,78.87104883924613,14.69544,1.7077205,59.7,8.29,0.66,8.844752,1.33,15496.82,7.274,80.7995,98,8.9,94.6,18.17,50.910004,2.87,0.935,0.203,91,2.5
CIV,141,171,Cote d'Ivoire,20,100.0,42.41795773772611,40.41493,0.46434766,55.6,4.22,0.03,4.87,4.283,4011.7122,5.102,61.9438,50.00064,8.8,93.167,20.890001,54.030003,46.95,0.647,0.622,49,9.6
HRV,36,46,Croatia,20,100.0,75.34246815728653,15.28803,4.764723,57,6.5,1.71,12.095121,1.468,26986.752,5.87,78.5803,100,37,100,8.96,33.5,2.69,0.904,0.257,82,2.5
CUB,91,118,Cuba,18,90.0,58.821650964642124,13.31979,2.225931,,2.58,0.07,10.631489,1.439,7648.704,,78.0855,97.65491,17.4,98.75,13.71,44.850002,9.73,0.323,0.594,10,2.5
CYP,34,44,Cyprus,20,100.0,76.02611963720175,14.51621,5.373922,57.7,7.38,1.64,12.557372,1.389,31523.498,5.942,81.648,100,35.6,70.4,8.45,32.72,1.6,0.85,0.16,91,2.5
CZE,15,18,Czechia,19,95.0,81.65326594618583,14.34125,7.043965,44,8.08,0.89,12.963182,1.448,32247.395,6.775,79.8341,,29.9,99.929,9.610001,27.61,4.07,0.941,0.098,95,2.5
COD,163,194,Democratic Republic of Congo,20,100.0,34.39059565726836,31.57858,0.05403233,19.1,1.92,0.27,7.378561,6.051,844.172,3.469,61.895,73.55303,12.2,81.2,19.230001,53.44,52.28,0.362,0.916,18,37
DNK,5,5,Denmark,20,100.0,86.39822718483767,9.65653,4.746057,29.6,9.28,4.08,13.027321,1.511,50689.68,7.521,81.9328,100,16.2,98.929,12.44,33.1,4.14,0.973,0.003,97,2.5
DJI,144,174,Djibouti,18,90.0,41.552332048759354,19.98484,0.48264864,30.5,2.7,1.13,3.9504151,2.609,3623.0603,4.369,65.9865,,,84.833,15.73,49.14,37.57,0.438,0.675,24,12.9
DMA,66,90,Dominica,12,60.0,65.62320374872647,8.22238,2.5799234,95.7,,0.54,10.12509,1.484,8879.6455,,71.1325,,,,21.199999,48.57,,,,92,13.4
DOM,50,69,Dominican Republic,20,100.0,69.55324352767738,7.58534,2.8992038,60,6.62,0.06,9.444526,2.243,17713.52,5.846,73.7201,94,10.5,98.333,15.18,45.71,5.78,0.71,0.709,68,4.6
TLS,98,125,East Timor,18,90.0,57.436829607178886,20.47387,0.47700548,13.9,7.03,0.09,6.2265806,2.707,,,67.6894,65.77913,38.7,95.667,15.03,40.34,20.43,0.655,0.215,72,15.9
ECU,73,98,Ecuador,20,100.0,63.26955872647267,16.54855,2.535337,53.8,5.24,0.37,8.97,1.823,10124.076,5.965,77.3924,94,10.2,91.25,14,45.21,4.69,0.687,0.651,65,13.9
EGY,116,145,Egypt,20,100.0,50.775991300109936,63.15743,2.2170217,87,2.79,0.07,10.13612,2.75,13205.406,3.817,71.6335,71,24.7,93.667,18.5,47.84,4.81,0.535,0.729,18,8.5
SLV,82,109,El Salvador,20,100.0,60.63531043948005,22.15224,1.4155904,87.6,4.61,0.43,7.3,1.775,9218.905,6.492,72.0993,90,8.9,95.2,12.77,42.329998,6.13,0.317,0.681,47,6.8
GNQ,136,166,Equatorial Guinea,17,85.0,43.42361105996473,25.66867,3.704236,36.6,1.92,0.33,8.281327,4.081,22707.22,,63.7071,96,,96.2,18.87,52.469997,29.73,0.281,0.838,5,
ERI,154,185,Eritrea,15,75.0,37.55260354722523,22.74486,0.21004777,,1.97,0.9,5.0913644,3.713,,,68.6239,77,,97,13.63,44.86,66.53,0.027,0.741,3,
EST,12,15,Estonia,20,100.0,82.61454138174122,6.35007,6.105464,24.4,8.13,4.53,13.562166,1.35,30067.395,6.417,79.1535,100,28.3,100,12.52,35.06,2.59,0.952,0.026,96,2.5
SWZ,128,157,Eswatini,20,100.0,46.891124775258795,15.07308,0.8405372,42.8,2.6,0.72,8.6852,2.753,8522.45,3.774,64.1227,90.74702,9.5,95,19.220001,59.530003,46.45,0.204,0.569,17,12.4
ETH,162,193,Ethiopia,20,100.0,35.734115479836184,21.80471,0.13506985,46.7,3.24,0.18,2.4025397,3.989,2289.409,3.898,67.315,51,5.2,65.167,13.63,44.86,40.68,0.423,0.55,18,22.2
FJI,63,85,Fiji,18,90.0,66.14757993687302,7.36073,1.5561111,76.6,5.39,0.07,10.37097,2.281,,,67.3157,99,27.6,94,16.03,48.41,10.8,0.739,0.285,69,7.8
FIN,9,10,Finland,20,100.0,84.58186774400998,5.46669,5.300579,86.8,9.3,5.64,12.979626,1.28,40701.465,7.736,81.9102,100,22.3,100,11.2300005,33.82,0.79,0.913,0.024,100,2.5
FRA,21,24,France,20,100.0,79.46604105823856,10.45709,3.969368,116.5,7.99,2.43,11.765668,1.639,39065.71,6.593,83.3253,100,34.6,98,12.13,34.31,3.37,0.895,0.053,89,2.5
GAB,120,149,Gabon,19,95.0,49.54941862781571,26.28642,2.126386,76.2,2.18,0.34,9.686,3.647,15720.901,5.12,68.3367,88.85834,,80.833,10.89,42.829998,17.49,0.796,0.72,21,20.1
GMB,134,164,Gambia,20,100.0,43.52533782636788,39.10354,0.29086024,74.4,4.47,0.03,4.674727,4.006,2010.5322,4.423,65.8603,51.6374,10.5,94.6,15.700001,47.29,29.53,0.824,0.27,50,20.5
GEO,55,76,Georgia,20,100.0,67.913332515999,19.06419,3.0948753,34.2,4.7,0.71,12.7,1.81,14360.359,5.4,74.4965,100,31.8,83.143,18.33,44.64,3.35,0.81,0.188,55,4
DEU,11,13,Germany,20,100.0,83.38759834685685,10.73096,6.7688236,64.4,8.73,1.86,14.296371,1.441,46647.793,6.753,81.3777,100,21.3,99.667,12.720001,36.73,3.17,0.971,0.02,95,2.5
GHA,102,130,Ghana,20,100.0,56.20688257978939,46.04334,0.6106143,59.1,6.24,0.02,7.10721,3.397,4242.4106,4.34,65.4979,76.48568,3.4,95.556,15.080001,48.52,25.16,0.83,0.644,80,6.2
GRC,41,54,Greece,20,100.0,73.77455156193162,14.62251,5.310692,146.7,8.07,2.91,11.553857,1.334,25283.906,5.776,81.8568,100,32.8,99.143,14.33,35.13,7.63,0.898,0.238,85,2.5
GRD,37,48,Grenada,12,60.0,75.13922760941306,10.08384,3.2159822,67.7,,0.49,9.4464,1.487,,,75.2052,99,,,21.199999,48.57,6.68,,,89,
GTM,109,138,Guatemala,20,100.0,53.79534799000653,20.74787,1.0800844,27,4.55,1.19,5.8473,2.311,7969.431,6.362,72.6023,83.03117,11.9,89.167,17.87,51.81,15.27,0.44,0.707,48,12.6
GIN,158,189,Guinea,19,95.0,36.4110990141715,37.57394,0.27287328,42.2,2.04,0.02,2.486339,4.217,1809.2666,4.929,60.7405,40,,90,8.55,37.22,57.76,0.212,0.86,30,10.3
GNB,156,187,Guinea-Bissau,19,95.0,36.71452309922182,34.84998,0.15544437,76.2,2.03,0.03,3.673035,3.836,1625.3876,,64.0849,63.93413,8.2,78.75,10.84,41.38,49.45,0.632,0.805,41,32.2
GUY,60,82,Guyana,18,90.0,67.55303546619608,11.10584,5.4269924,29,6.11,0,8.70243,2.412,,,70.1802,85.63835,11.1,95,17.87,51.81,8.57,0.727,0.429,74,2.5
HTI,151,181,Haiti,20,100.0,38.82941396322151,9.69133,0.2523404,11.8,2.74,0.37,5.3823,2.656,1546.4222,3.615,64.9356,68.00986,8.1,59.5,17.87,51.81,25.94,0.269,0.774,24,50.4
HND,105,133,Honduras,20,100.0,55.250820783998776,18.93138,1.187437,45.1,4.98,0.7,7.510229,2.5,5186.5303,5.964,72.8842,89,12.3,88.5,17.87,51.81,7.13,0.684,0.746,48,20.4
HUN,44,58,Hungary,20,100.0,73.33423917213754,14.24457,4.135669,74.8,6.51,0.34,12.331622,1.486,29451.855,5.915,77.024,99,32.2,100,9.91,33.5,2.02,0.873,0.495,65,2.5
ISL,6,6,Iceland,20,100.0,86.07824450441845,5.78865,9.666935,47.4,9.38,8.29,13.908926,1.54,42145.594,7.515,82.6911,100,9.4,99.833,8.1,28.240002,2.36,0.927,0.022,95,2.5
IND,122,151,India,20,100.0,48.99430811996687,50.17359,2.2009783,81.4,7.29,0.6,6.88,1.975,7765.593,4.389,72.0026,76,24.3,94.25,24.11,58.46,36.43,0.657,0.669,63,13.7
IDN,83,110,Indonesia,20,100.0,60.61014319364627,19.3398,2.8650963,40.8,6.44,0.14,8.697224,2.127,12801.671,5.617,71.1457,96,38.2,94.25,17.78,46.44,15.82,0.654,0.756,56,7.2
IRN,110,139,Iran,20,100.0,53.56075525740788,31.61622,8.656227,35.6,1.96,3.06,10.846712,1.695,18473.066,5.093,77.6545,86,13.3,84,17.94,51.78,2.92,0.359,0.781,11,6.5
IRQ,124,153,Iraq,20,100.0,48.196316255671476,39.28878,5.074398,53.1,2.8,0.95,6.7800465,3.249,13071.94,4.976,72.3242,86,19.2,88.333,15.629999,45.11,4.44,0.334,0.844,31,16.1
IRL,8,9,Ireland,20,100.0,84.72111931636572,8.19503,6.3388243,33,9.19,4.86,11.724999,1.598,60257.082,6.889,82.4118,100,19.3,99.2,13.860001,36.35,2.71,0.943,0.032,97,2.5
ISR,39,50,Israel,20,100.0,74.7443427397105,19.47101,5.6074414,69.2,7.8,1.12,13.534595,2.83,36648.918,7.234,82.408,98,20.4,93.667,16.63,48.57,2.05,0.798,0.122,73,2.5
ITA,31,38,Italy,20,100.0,76.75988759392577,14.22481,5.087886,136.8,7.58,0.91,10.828128,1.198,36224.293,6.415,83.7157,99,22.4,87.333,12.48,37.28,3.01,0.931,0.196,89,2.5
JAM,48,66,Jamaica,20,100.0,70.2997864142321,14.8314,2.9592197,59.2,6.74,0.15,9.95991,1.358,7481.6685,5.87,71.4789,89,9.7,95.1,17.87,51.81,2.29,0.916,0.18,80,7.3
JPN,27,30,Japan,20,100.0,78.61558980561296,10.83519,7.7724743,229.6,8.48,0.22,12.684047,1.208,38268.79,6.147,84.7123,100,19.2,96.25,12.89,43.53,8.43,0.929,0.063,96,3.4
JOR,103,131,Jordan,20,100.0,55.90928823408261,25.87215,2.009813,89.7,3.28,0.06,10.24,2.639,9151.479,4.31,77.8145,95,35.6,100,19.91,50.050003,1.94,0.673,0.422,34,17.9
KAZ,81,108,Kazakhstan,20,100.0,60.919345704386615,26.50215,13.937352,24.8,3.08,1.85,12.547174,3.012,26491.857,6.378,74.4021,100,22.2,100,15.000001,40.95,3.22,0.607,0.706,23,2.5
KEN,126,155,Kenya,20,100.0,48.063655968430915,12.52415,0.37611777,68,5.05,0.17,8.62471,3.208,3403.9238,4.51,63.6459,82,10.7,84,15.68,48.829998,29.04,0.611,0.542,51,34.5
KIR,63,86,Kiribati,14,70.0,66.12538499312865,7.61811,0.5386222,8.7,,4.72,9.128582,3.147,,,66.4731,97.95971,39.7,,16.03,48.41,37.37,,,89,3.7
KWT,87,114,Kuwait,20,100.0,59.43121256596904,64.07714,26.24753,7.3,2.78,1.1,7.566007,1.525,71533.516,6.629,80.4047,96,19.9,98.6,17.1,44.06,0.79,0.516,0.314,31,2.5
KGZ,88,115,Kyrgyzstan,20,100.0,59.40489948515204,37.58464,1.6379259,37.8,3.52,0.77,12.065888,2.8,5304.841,5.858,71.677,100,27.3,100,18.49,42.809998,2.31,0.695,0.801,26,6.1
LAO,125,154,Laos,20,100.0,48.15895718992432,21.15498,3.140345,90.7,1.71,0.11,6.060246,2.421,7168.1904,5.301,68.9637,85,27.2,95.75,20.33,48.719997,20.52,0.242,0.744,13,5.4
LVA,23,26,Latvia,20,100.0,79.29323889463019,12.02183,3.4520962,47.1,7.66,2,13.40944,1.338,27220.303,6.207,76.1898,100,33.9,93,10.69,34.91,2.63,0.948,0.071,89,2.5
LBN,113,142,Lebanon,20,100.0,51.83611166017008,24.234,2.6955004,163.8,3.56,0.33,10.37,2.239,10341.159,3.188,77.817,93,34.3,68.143,21.17,55.11,2.39,0.512,0.843,39,9.6
LSO,119,148,Lesotho,19,95.0,49.84251859580712,17.59755,1.100255,57.1,6.06,0.78,7.7298837,2.694,2312.9583,3.757,57.3749,86.24087,24.3,91.875,14.33,49.11,108.06,0.703,0.539,66,
LBR,140,170,Liberia,20,100.0,42.81172460149163,35.79581,0.15310843,55.7,5.57,0.02,6.169892,3.95,811.2146,4.277,62.1625,50,8.2,92.75,12,42.59,34.62,0.759,0.876,64,38.4
LBY,130,159,Libya,18,90.0,45.88703162851082,29.83557,8.841596,,2.31,2.89,7.7786064,2.355,12755.204,5.82,69.3389,91,,43.5,16.769999,46.59,2.15,0.273,0.821,10,11.4
LTU,25,28,Lithuania,20,100.0,79.15447140282072,10.36907,4.386505,41.8,7.59,3.4,13.610692,1.201,30863.32,6.829,76.025,100,31.4,100,9.4800005,34.42,2.61,0.924,0.172,89,2.5
LUX,10,12,Luxembourg,20,100.0,83.5636454546698,8.89471,10.459649,27.1,8.88,2.57,12.589372,1.396,55484.777,7.122,82.2294,100,23,100,13.66,36.43,1.88,0.955,0.029,97,2.5
MDG,148,178,Madagascar,20,100.0,40.17415859916074,16.02251,0.14166704,49.7,5.33,0.48,4.59252,3.972,1367.0938,4.157,63.6317,74.68614,26.8,82.4,15.0199995,50.260002,40.06,0.647,0.827,55,39.7
MWI,137,167,Malawi,20,100.0,43.24588441233752,18.56954,0.08688312,80.4,5.85,0.64,5.24374,3.648,1190.0509,3.26,67.3535,70.15227,9.7,75.333,15.0199995,47.81,30.81,0.752,0.721,65,19.9
MYS,57,78,Malaysia,20,100.0,67.80824805229888,21.52164,8.16206,70.4,7.11,0.19,11.09,1.55,26628.707,5.955,76.6571,96,22,98.5,14.599999,39.44,14.41,0.733,0.324,53,2.5
MDV,69,93,Maldives,17,85.0,64.83443399403497,13.00334,4.3694687,131.8,,0.25,7.4103727,1.575,,5.198,81.0412,98.21186,26.3,94.8,12.9800005,38.79,2.29,0.544,0.418,43,
MLI,157,188,Mali,20,100.0,36.44319903672905,38.54882,0.2850997,48.9,2.4,0.02,1.63,5.614,1651.9413,4.345,60.4394,35,8,82,11.93,44.23,66.12,0.673,0.75,24,9.6
MLT,22,25,Malta,20,100.0,79.46579193691893,12.93003,3.2037206,46.9,7.93,1.39,12.420702,1.098,34496.34,6.316,83.2989,95,24.7,100,8.87,31.43,4.59,0.914,0.194,87,2.5
MHL,33,41,Marshall Islands,12,60.0,76.5347490395264,7.21485,4.1115723,10.6,,0.14,11.636664,2.919,,,66.9454,98,29.8,,16.03,48.41,,,,93,
MRT,142,172,Mauritania,20,100.0,42.281837488209874,41.98461,1.0134012,41.2,3.96,0.03,4.852026,4.697,3680.3662,4.542,68.4836,59.52966,9.5,87.857,9.8,39.29,37.79,0.344,0.849,39,9.3
MUS,56,77,Mauritius,20,100.0,67.81846823979856,10.48182,3.6766226,88.1,8.23,2.45,10.103328,1.241,20643.094,5.832,74.9263,93,20.9,83.6,15.73,46.77,5.47,0.708,0.454,86,5.9
MEX,67,91,Mexico,20,100.0,65.09650154954201,17.82781,3.5227275,58.9,5.32,0.49,9.349511,1.91,16235.455,6.979,75.069,95,14.9,87.4,21.58,59.63,3.54,0.623,0.564,59,3.1
FSM,45,60,Micronesia (country),11,55.00000000000001,73.08291501557454,7.78563,1.3309593,9.3,,0.15,7.332524,2.748,,,67.1983,,,,16.03,48.41,14.04,,,92,
MDA,47,65,Moldova,20,100.0,71.28781005077134,12.36523,1.7551568,37.8,6.04,0.62,11.83,1.731,6674.871,5.819,71.1985,99,29.7,88,10.679999,34.14,3.57,0.875,0.329,60,2.5
MCO,11,14,Monaco,8,40.0,83.21453216925673,9.21092,,,,0.19,,2.11,,,86.3724,99,,,11.5,35.670002,,,,82,
MNG,65,88,Mongolia,20,100.0,65.9300461545902,41.30377,12.859549,46.6,6.53,0.74,9.42,2.685,13442.906,5.833,71.7341,98.72622,29.5,98,16.060001,42.399998,3.16,0.726,0.719,84,2.5
MNE,42,56,Montenegro,20,100.0,73.57356556268947,19.29617,3.7217364,60.8,6.73,0.17,12.773926,1.803,20941.805,5.877,77.0869,98.5344,32,98.333,9.929999,35.94,1.83,0.819,0.498,69,2.5
MAR,100,127,Morocco,20,100.0,56.96851546368167,13.44048,1.813556,67.2,4.97,1.27,6.198,2.23,8400.127,4.622,75.3128,76,13,90.8,13.2300005,47.600002,4.55,0.651,0.639,37,6.9
MOZ,165,196,Mozambique,19,95.0,33.91929535471568,16.44818,0.24869162,97.2,3.38,0.4,4.59049,4.763,1087.836,5.19,63.6111,60,,88.125,24.65,59.45,45.56,0.479,0.729,41,24.8
MMR,132,161,Myanmar,20,100.0,45.21794603600156,27.16498,0.5798787,63.5,0.96,0.11,6.38,2.115,5177.4326,4.321,66.889,89,44.4,52.4,16.63,42.76,12.9,0.18,0.831,7,5.3
NAM,107,136,Namibia,20,100.0,54.09219799991251,11.81074,1.1448735,63.6,6.48,0.36,7.2731466,3.212,7979.328,4.911,67.3848,92,14.1,94.8,21.529999,63.98,28.81,0.81,0.279,73,22.2
NRU,74,100,Nauru,12,60.0,62.82035637887067,7.40486,5.129512,15,,0.16,9.448638,3.331,,,62.1094,96.58654,48.3,,16.03,48.41,,,,75,
NPL,111,140,Nepal,20,100.0,52.87781286769901,36.43171,0.6332349,49.3,4.6,0.33,4.50373,1.984,3013.5178,5.311,70.3537,68.7125,28.3,95.75,14.01,40.96,17.8,0.576,0.618,62,5.7
NLD,7,8,Netherlands,20,100.0,84.74805133643434,10.7416,6.29691,44,9,1.95,12.669947,1.43,49669.867,7.306,82.1576,100,21.3,99,6.69,28.54,3.37,0.88,0.018,97,2.5
NZL,2,2,New Zealand,20,100.0,86.81392048981998,8.60929,6.229343,53.2,9.61,1.55,12.882998,1.667,38250.12,6.952,82.088,100,12.2,99.833,12.219999,34.88,2.12,0.933,0.011,99,2.5
NIC,115,144,Nicaragua,19,95.0,51.00146749008984,16.00181,0.8140884,39.3,2.09,0.04,9.93302,2.218,5092.8413,6.33,74.9468,83,,82.625,17.87,51.81,3.5,0.211,0.941,14,19.6
NER,160,191,Niger,20,100.0,36.191470212815915,50.15037,0.11726506,42.2,2.26,0.02,1.4122894,6.061,1007.72095,4.725,61.1833,35.60971,7.7,83.357,13.860001,44.38,70.26,0.762,0.566,30,13.3
NGA,145,175,Nigeria,20,100.0,41.01056181765628,55.64206,0.5837386,36.4,4.16,0.03,7.58597,4.482,5070.4927,4.885,54.4623,63.15554,3.3,84.8,11.42,42.11,71.73,0.692,0.928,44,18
PRK,135,165,North Korea,16,80.0,43.49872982625232,41.46032,2.3604918,,1.08,0.55,,1.78,1568.847,,73.6418,,16.5,99.25,15.080001,42.879997,4.1,0.007,0.68,3,45.3
MKD,49,68,North Macedonia,19,95.0,70.01605046308943,25.16804,3.6311553,52.9,6.28,1.05,10.23,1.465,14050.995,5.503,77.3947,99,,94.444,7,29.339998,1.04,0.735,0.75,67,2.5
NOR,3,3,Norway,20,100.0,86.65913572944464,6.30111,6.667616,42.7,9.81,5.62,13.117962,1.405,88366.22,7.262,83.3078,100,14.2,99,9.660001,31.099998,3.61,0.888,0.011,99,2.5
OMN,78,105,Oman,20,100.0,61.455047434355905,34.88286,15.651107,35.1,3.05,0.27,11.89,2.525,47988.65,6.197,80.0305,97,8.4,88.833,19.75,55.92,1.6,0.448,0.256,24,5.7
PAK,159,190,Pakistan,20,100.0,36.25253846609498,50.13067,0.71556884,71.6,2.84,0.48,4.316987,3.605,5531.723,4.768,67.649,58.8561,18.9,86,17.51,43.89,38.8,0.467,0.817,32,20.7
PLW,39,52,Palau,12,60.0,74.51986640426442,7.82424,12.760258,63.1,,0,13.299035,1.907,,,69.269,97,17.3,,16.03,48.41,,,,92,
PSE,106,135,Palestine,12,60.0,54.286553464821054,30.8191,0.86981934,65.6,3.44,,10.13,3.311,4775.202,4.78,65.1703,98,,,17.99,50.75,,,,,
PAN,38,49,Panama,20,100.0,74.7939433143102,11.77915,2.8046095,59.6,6.84,0.16,10.833751,2.119,23557.02,6.407,79.5937,96,5.2,94.333,17.87,51.81,4.24,0.869,0.473,83,5.6
PNG,129,158,Papua New Guinea,18,90.0,46.32575249445652,8.88558,0.7890545,50.4,5.97,0.07,4.962531,3.099,,,66.134,70.06368,39.6,80.75,16.220001,45.84,24.88,0.602,0.722,61,27.7
PRY,68,92,Paraguay,20,100.0,64.95744917323606,12.30993,1.1454097,41.7,5.92,0.19,8.930654,2.422,8762.771,6.172,73.8443,95,10.7,80,17.87,51.81,4.65,0.609,0.801,63,4.5
PER,72,97,Peru,20,100.0,63.3277073101714,29.06587,2.0529242,32.1,5.69,0.05,10.154652,1.98,12762.967,5.947,77.7401,94,7.1,83.333,26.9,57.95,7.59,0.622,0.66,67,7
PHL,76,102,Philippines,20,100.0,62.58191449718347,22.45141,1.5096035,58.2,6.63,0.16,9.97724,1.916,8370.666,6.107,69.8327,98,20.4,94,16.94,45.120003,16.87,0.704,0.849,58,5.9
POL,33,40,Poland,20,100.0,76.58287430638994,18.82808,7.0801096,60,7.4,0.65,13.208543,1.299,32468.402,6.673,78.6329,100,23.6,99.833,15.469999,38.420002,5.4,0.868,0.097,82,2.5
PRT,28,31,Portugal,20,100.0,78.4545938806692,7.34244,3.4089074,90.9,8.08,0.64,9.703255,1.508,28992.059,6.013,82.3599,95,25.6,97.5,9.74,35.06,6.76,0.757,0.164,96,2.5
QAT,99,126,Qatar,19,95.0,57.06813545436813,59.03746,41.27118,40.6,3.17,0.26,10.77,1.729,149171.11,6.374,82.368,98,12.5,99.2,24.050001,56.29,0.42,0.181,0.371,25,
ROU,43,57,Romania,20,100.0,73.41813224981226,13.30043,3.605104,61.2,5.99,0.21,11.55,1.713,26197.904,6.563,75.9381,99,30,97.714,14.57,41.16,7.2,0.789,0.383,82,2.5
RUS,94,121,Russia,20,100.0,58.01027391965059,8.88468,12.294705,23.1,2.03,3.77,12.41,1.449,25437.107,5.945,73.1541,100,29.2,94.5,24.33,51.41,3.25,0.484,0.785,12,2.5
RWA,150,180,Rwanda,20,100.0,38.984343798872786,35.65776,0.14263947,73.2,3.34,0.87,4.88,3.698,2198.0662,3.268,67.7852,79,14.3,99.857,19.68,53.359997,25,0.311,0.416,21,31.4
KNA,45,63,Saint Kitts and Nevis,10,50.0,72.2371129117647,8.05126,5.542429,61.9,,0.19,10.8494005,1.505,,,72.1447,,,,21.199999,48.57,,,,89,
LCA,48,67,Saint Lucia,13,65.0,70.21461396964361,8.97661,2.9869597,77,,0.17,8.614167,1.379,10452.165,,72.6968,,13.8,,21.199999,48.57,5.81,,,91,
VCT,28,32,Saint Vincent and the Grenadines,13,65.0,78.34786265347222,9.41283,2.5405643,94,,0,11.29535,1.775,,,71.2301,96,,,21.199999,48.57,5.25,,,90,4.8
WSM,41,55,Samoa,14,70.0,73.70256520365497,7.77989,1.1263857,20.9,,0.12,11.332984,3.829,,,71.6982,97.99026,22.5,,16.03,48.41,8.18,,,84,5.4
SMR,9,11,San Marino,10,50.0,83.59479404573999,9.84868,,62.7,,0.09,11.36,1.149,,,85.7062,100,,,11.5,35.670002,,,,97,
STP,84,111,Sao Tome and Principe,18,90.0,59.97724237920015,33.74991,0.6019113,51.4,,0.13,5.9875593,3.644,3751.6428,,69.7182,87.43846,7.8,99.333,15.780001,49.99,16.65,0.868,0.275,84,16.4
SAU,93,120,Saudi Arabia,20,100.0,58.02936680658285,57.15638,20.379194,29.2,2.08,0.08,11.606428,2.28,53516.91,6.6,78.7321,98,14.9,88.333,24.89,54.7,1.93,0.201,0.326,9,3
SEN,121,150,Senegal,20,100.0,49.41182254518587,38.21284,0.76163954,122.9,5.93,0.03,2.934554,3.818,2660.6816,4.856,68.6829,50.35582,6.5,82.25,12.85,45.030003,31.75,0.782,0.301,69,4.6
SRB,54,75,Serbia,20,100.0,67.96744462799197,21.73909,6.237839,43.9,6.26,1.22,11.641718,1.5,17097.686,6.606,76.7693,99,39.5,94.875,13.04,36.829998,3.86,0.819,0.754,56,2.5
SYC,35,45,Seychelles,18,90.0,75.8874509749013,16.95663,5.002998,56.7,,0.58,11.19995,2.133,31055.39,,72.862,96,20.2,95.75,21.539999,52.19,8.35,0.932,0.046,80,2.5
SLE,149,179,Sierra Leone,20,100.0,40.05260488818897,39.4217,0.165966,41.2,4.32,0.03,3.5352976,3.791,1690.4982,2.998,61.7858,43.57778,12.9,96.6,14.78,46.239998,69.54,0.782,0.495,59,28.4
SGP,61,83,Singapore,19,95.0,67.16703812388698,13.33302,9.244836,175.6,6.18,0.62,11.99,0.943,80320.086,6.565,83.7362,98,16.4,99.167,13.62,45.170002,8.49,0.731,0.03,48,
SVK,29,34,Slovakia,19,95.0,77.90401097243057,15.89146,5.282773,59.6,7.21,0.32,13.103204,1.56,27519.287,6.221,78.3414,,32.4,99.833,9.95,28.64,3.62,0.918,0.276,89,3.6
SVN,13,16,Slovenia,20,100.0,82.59969532259464,14.07638,6.0184274,66.6,7.82,2.81,12.951202,1.576,32673.762,6.792,81.6034,100,20.1,99.571,7.8599997,29.44,1.9,0.923,0.061,96,2.5
SLB,114,143,Solomon Islands,17,85.0,51.76103347564134,7.8289,0.3596751,23.7,,0.12,5.87968,3.557,,,70.5277,77,36.9,93.6,16.03,48.41,32.68,0.7,0.604,75,19.4
SOM,170,201,Somalia,16,80.0,27.887401118724455,14.27733,0.06939735,,,0.54,1.9,6.132,,4.347,58.8158,54,,64,16.04,48.53,99.19,0.213,0.881,8,51.3
ZAF,96,123,South Africa,20,100.0,57.769408125159075,19.74802,6.8715796,77.3,7.16,2.03,11.61,2.216,11415.887,5.213,66.1387,90,20.7,96.429,19.220001,65.08,27.59,0.784,0.555,81,8.1
KOR,37,47,South Korea,20,100.0,75.21086440105996,24.03774,11.285893,53.4,7.75,0.13,12.7221985,0.72,41320.9,6.038,84.3288,100,20,98.875,16.150002,36.89,5.2,0.907,0.156,81,2.5
SSD,166,197,South Sudan,17,85.0,32.47415663208207,20.18219,0.14196548,66,,0.39,5.73,3.864,,2.8166,57.6174,35,,80.5,15.24,49.51,68.08,0.173,0.829,1,19.6
ESP,24,27,Spain,20,100.0,79.26305065858284,9.3416,4.599015,100.4,8.13,2.08,10.7561245,1.213,34123.387,6.466,83.6703,100,28.4,99.909,12.04,33.73,3.17,0.958,0.103,90,2.5
LKA,70,94,Sri Lanka,20,100.0,64.71903567857431,23.87759,0.90139973,100.8,6.19,0.57,10.77,1.974,10705.481,3.891,77.4828,92,19.5,99,21.39,49.34,4.83,0.727,0.462,58,4.1
SDN,164,195,Sudan,18,90.0,34.15498751984003,21.42613,0.35272878,221.5,1.46,1.04,3.962,4.323,,4.139,66.331,61,,57.6,15.11,44.32,15.78,0.103,0.804,2,11.4
SUR,53,74,Suriname,18,90.0,68.55481627463325,12.17056,4.7093143,89.1,6.79,0.48,8.42976,2.249,,6.269,73.631,95,,85.75,17.87,51.81,7.1,0.876,0.173,80,10.1
SWE,1,1,Sweden,20,100.0,87.01380649868025,5.95539,3.5916543,34.2,9.39,3.82,12.740326,1.43,47126.13,7.345,83.2624,100,22.7,99,10.83,30.59,3.04,0.937,0.01,99,2.5
CHE,4,4,Switzerland,20,100.0,86.53042655796602,8.96682,3.5946856,36.9,9.32,2.85,13.949121,1.433,63323.254,6.935,83.9536,100,25.5,100,10.08,30.24,2.53,0.959,0.022,96,2.5
SYR,146,176,Syria,18,90.0,40.944974063847376,25.14079,1.2879974,,1.32,0.71,5.93552,2.712,2494.7612,3.462,72.1201,94,,77,21.3,55.11,9.14,0.252,0.74,5,34
TJK,108,137,Tajikistan,19,95.0,53.88387667017317,53.64558,1.0140533,22,1.83,0.19,11.270948,3.072,5507.5454,5.411,71.7901,100,,98.25,14.55,41.690002,9,0.287,0.847,5,8.7
TZA,131,160,Tanzania,20,100.0,45.66172089256355,15.36389,0.29198244,49.6,5.2,0.73,6.06535,4.606,3057.3286,3.8,66.9953,78,9.3,93.5,17.9,50.68,30.21,0.754,0.253,35,23.8
THA,90,117,Thailand,20,100.0,58.9813691223402,24.63927,3.7361188,64.9,6.27,0.29,9.04,1.212,16421.072,6.222,76.4115,91.09987,19.2,94.4,19.74,52.100002,11.8,0.479,0.659,34,5.6
TGO,143,173,Togo,20,100.0,41.93706172163683,35.65757,0.28938687,71.9,2.99,0.03,5.8611145,4.192,1586.5889,4.315,62.7387,72.59589,6.4,88.571,13.879999,45.92,42.41,0.651,0.762,41,12.8
TON,45,62,Tonga,13,65.0,72.5470948410381,7.52079,1.464028,31.6,,0.12,10.914949,3.129,,,72.8947,91.05162,31.3,,16.03,48.41,7.1,,,80,
TTO,59,81,Trinidad and Tobago,19,95.0,67.63633482783882,10.26482,22.931944,65.3,7.09,0.48,10.79275,1.532,25773.006,5.905,73.4896,99,,92.5,17.87,51.81,1.61,0.796,0.089,82,12.6
TUN,79,106,Tunisia,20,100.0,61.33567685463686,26.52402,2.6605377,80.6,4.71,0.97,7.59492,1.832,10913.846,4.552,76.5077,86.24682,20.5,96.125,22.470001,52.530003,3.13,0.828,0.409,44,3.2
TUR,80,107,Turkey,20,100.0,61.07835711980334,23.25106,5.865009,24.3,4.26,0.34,8.986243,1.625,27361.988,5.262,77.1557,97,30.5,95.833,23.95,55.57,2.48,0.587,0.821,33,2.5
TKM,101,128,Turkmenistan,20,100.0,56.75664663640107,26.40925,10.808675,3.9,1.66,1.38,11.207802,2.69,17234.555,5.474,70.0727,100,5.6,98.143,19.71,48.629997,5.66,0.116,0.891,1,4.1
TUV,39,51,Tuvalu,11,55.00000000000001,74.66224248444443,6.80654,1.1831627,3.6,,0.18,10.767461,3.208,,,67.1049,,33.7,,16.03,48.41,,,,93,
UGA,147,177,Uganda,20,100.0,40.736777495982615,31.31261,0.12663798,52.4,4.49,0.45,6.323663,4.283,2122.0278,4.461,68.2523,69.10132,7.5,94.286,21.43,52.62,28.09,0.509,0.802,34,36.9
UKR,85,112,Ukraine,20,100.0,59.840841794010146,13.50727,3.7637882,108.6,4.9,1.73,11.122739,0.977,7749.0996,4.68,73.4225,100,24.9,73.167,9.38,32.170002,2.34,0.775,0.609,51,5.8
ARE,74,99,United Arab Emirates,20,100.0,63.086605582096276,41.7495,20.131075,34,3.07,0.51,12.99,1.2,77203.67,6.759,82.9091,98,9,96.5,15.940001,48.629997,0.85,0.317,0.105,18,2.7
GBR,19,22,United Kingdom,20,100.0,79.98997489542641,9.51575,4.5257993,103.4,8.34,8.37,13.49,1.56,38406.53,6.728,81.3015,100,14.2,98.143,13.59,36.559998,6.11,0.851,0.042,92,2.5
USA,40,53,United States,20,100.0,74.2599970779447,7.17987,14.197287,125,7.85,31.75,13.91,1.624,58487.465,6.724,79.3043,100,24.3,97.308,20.730001,46.76,2.26,0.891,0.051,84,2.5
URY,16,19,Uruguay,20,100.0,81.61883463254318,8.47571,2.35437,66.6,8.67,0.62,10.54,1.409,20181.94,6.661,78.1385,99,20.5,99.917,14.78,45.969997,4.44,0.887,0.053,96,2.5
UZB,89,116,Uzbekistan,20,100.0,59.131207650036124,40.97948,3.829127,31.1,2.1,0.35,11.91,3.5,12559.401,6.193,72.3884,100,16.7,98.25,17.53,45.59,2.9,0.435,0.831,12,2.5
VUT,71,95,Vanuatu,16,80.0,64.50830771494932,8.42148,0.6012429,48.6,,0.1,7.18321,3.596,,,71.4769,87.96032,,99.143,16.03,48.41,25.02,0.772,0.294,82,7.9
VEN,117,146,Venezuela,19,95.0,50.42017329035744,16.21392,4.085203,164.3,2.25,0.11,9.678386,2.079,5267.1753,5.683,72.5142,97,,87.5,17.87,51.81,5.17,0.538,0.97,13,17.6
VNM,86,113,Vietnam,20,100.0,59.760606344129975,20.8923,3.6730351,32,2.62,1.18,8.98,1.913,8050.359,6.352,74.5883,96,22.5,98.8,15.65,43.59,6.92,0.658,0.485,20,5.2
YEM,167,198,Yemen,20,100.0,30.609849462250843,41.60944,0.24944058,71.4,1.95,1.11,5.48415,4.59,1959.3195,3.561,69.2952,71,21.4,52.778,24.81,59.06,15.64,0.232,0.911,10,39.5
ZMB,133,162,Zambia,20,100.0,44.79907158531726,16.8967,0.5650162,114.9,5.73,0.76,7.3974085,4.101,3342.4214,3.912,66.3487,71.1323,14.6,96,17.880001,55.85,35.77,0.768,0.355,53,35.4
ZWE,138,168,Zimbabwe,20,100.0,43.20717083545819,13.07553,0.82366556,45,2.98,0.54,8.930847,3.724,1703.5294,3.396,62.7748,93.22755,11.3,99.286,17.29,51.95,36.2,0.64,0.818,26,38.1
GRL,71,96,Greenland,5,25.0,63.35010799033816,,11.079819,,,,,1.95,,,70.055,,,,16.03,48.41,,,,,
OWID_KOS,52,73,Kosovo,11,55.00000000000001,68.80556043284798,,4.777991,17.6,,,,1.545,,6.659,78.0326,,,88,8.85,32.7,,0.596,0.273,60,
LIE,6,7,Liechtenstein,9,45.0,85.98831969653496,,3.2992606,0.5,,,12.40996,1.537,,,83.6298,100,,,11.5,35.670002,,,,90,
NCL,77,104,New Caledonia,6,30.0,61.99293041894352,,18.0644,,,,,1.98,,,78.7658,,,,16.03,48.41,,,,,5.6
TWN,33,42,Taiwan,14,70.0,76.45886515128612,,11.301164,23.4,8.78,,,0.87,53142.984,6.669,80.5588,,,98.75,21.279999,49.53,,0.926,0.23,94,3.7
0,101,129,Aruba,1,5.0,56.45,,,67.1,,,,,,,,,,,,,,,,,
PRI,45,61,Puerto Rico,8,40.0,73.02099146517858,,,18,,,,0.941,35280.668,7.039,81.6902,92,,,21.199999,48.57,,,,,
GUF,50,70,French Guiana,2,10.0,69.513575,,,,,,,3.388,,,76.9781,,,,,,,,,,
ESH,133,163,Western Sahara,3,15.0,44.35270833333333,,,,,,,2.164,,,71.385,,,,,,,,,4,
